﻿{
   "CodeGenerationMode": 2,
   "ContextClassName": "AppDBContext",
   "ContextNamespace": null,
   "DefaultDacpacSchema": null,
   "FilterSchemas": false,
   "IncludeConnectionString": false,
   "ModelNamespace": null,
   "OutputContextPath": null,
   "OutputPath": "Models",
   "PreserveCasingWithRegex": true,
   "ProjectRootNamespace": "StudentAdmissionAppApi",
   "Schemas": null,
   "SelectedHandlebarsLanguage": 2,
   "SelectedToBeGenerated": 0,
   "T4TemplatePath": null,
   "Tables": [
      {
         "Name": "[dbo].[Stages]",
         "ObjectType": 0
      },
      {
         "Name": "[dbo].[Standards]",
         "ObjectType": 0
      },
      {
         "Name": "[dbo].[Students]",
         "ObjectType": 0
      },
      {
         "Name": "[dbo].[Users]",
         "ObjectType": 0
      },
      {
         "Name": "[dbo].[SP_StudentAdmission]",
         "ObjectType": 1
      }
   ],
   "UiHint": "in-lt-17345\\sql2022.NewStudentAdmissionDB.dbo",
   "UncountableWords": null,
   "UseBoolPropertiesWithoutDefaultSql": false,
   "UseDatabaseNames": false,
   "UseDateOnlyTimeOnly": false,
   "UseDbContextSplitting": false,
   "UseDecimalDataAnnotationForSprocResult": true,
   "UseFluentApiOnly": true,
   "UseHandleBars": false,
   "UseHierarchyId": false,
   "UseInflector": false,
   "UseLegacyPluralizer": false,
   "UseManyToManyEntity": false,
   "UseNoDefaultConstructor": false,
   "UseNoNavigations": false,
   "UseNoObjectFilter": false,
   "UseNodaTime": false,
   "UseNullableReferences": false,
   "UseSchemaFolders": false,
   "UseSchemaNamespaces": false,
   "UseSpatial": false,
   "UseT4": false
}